"app","docId","dateTime","op","targetType","id","vr","worksheet","axis0","item0","axis1","item1","dateTimeMS"
"https://topic-writer.appspot.com/","1a84ff23-9ef8-11ea-b605-db5be373455d","2020-05-26T02:25:06","cc_create","","other","0.7","https://docs.google.com/spreadsheets/d/1f320gkWf7OSXjhqv5IPitXg-_EKCf0T8-gqZDwCUyxc/edit","","","","","2020-05-26T02:25:06.674Z"
"https://topic-writer.appspot.com/","1a84ff23-9ef8-11ea-b605-db5be373455d","2020-05-26T02:25:06","cc_documentLoaded","","other","0.7","https://docs.google.com/spreadsheets/d/1f320gkWf7OSXjhqv5IPitXg-_EKCf0T8-gqZDwCUyxc/edit","","","","","2020-05-26T02:25:06.685Z"
"https://topic-writer.appspot.com/","1a84ff23-9ef8-11ea-b605-db5be373455d","2020-05-26T02:25:23","cc_cellPhraseAppend","td","cc_0_1","0.7","https://docs.google.com/spreadsheets/d/1f320gkWf7OSXjhqv5IPitXg-_EKCf0T8-gqZDwCUyxc/edit","cc_3","cc_5","cc_4","cc_0_0","2020-05-26T02:25:23.654Z"
"https://topic-writer.appspot.com/","1a84ff23-9ef8-11ea-b605-db5be373455d","2020-05-26T02:25:29","cc_cellText","td","cc_0_1","0.7","https://docs.google.com/spreadsheets/d/1f320gkWf7OSXjhqv5IPitXg-_EKCf0T8-gqZDwCUyxc/edit","cc_3","cc_5","cc_4","cc_0_0","2020-05-26T02:25:29.309Z"
"https://topic-writer.appspot.com/","1a84ff23-9ef8-11ea-b605-db5be373455d","2020-05-26T02:25:36","cc_cellPhraseAppend","td","cc_1_1","0.7","https://docs.google.com/spreadsheets/d/1f320gkWf7OSXjhqv5IPitXg-_EKCf0T8-gqZDwCUyxc/edit","cc_3","cc_5","cc_4","cc_1_0","2020-05-26T02:25:36.366Z"
"https://topic-writer.appspot.com/","1a84ff23-9ef8-11ea-b605-db5be373455d","2020-05-26T02:25:49","cc_cellText","td","cc_1_1","0.7","https://docs.google.com/spreadsheets/d/1f320gkWf7OSXjhqv5IPitXg-_EKCf0T8-gqZDwCUyxc/edit","cc_3","cc_5","cc_4","cc_1_0","2020-05-26T02:25:49.814Z"
"https://topic-writer.appspot.com/","1a84ff23-9ef8-11ea-b605-db5be373455d","2020-05-26T02:26:00","cc_cellPhraseAppend","td","cc_2_1","0.7","https://docs.google.com/spreadsheets/d/1f320gkWf7OSXjhqv5IPitXg-_EKCf0T8-gqZDwCUyxc/edit","cc_3","cc_5","cc_4","cc_2_0","2020-05-26T02:26:00.347Z"
"https://topic-writer.appspot.com/","1a84ff23-9ef8-11ea-b605-db5be373455d","2020-05-26T02:26:10","cc_cellText","td","cc_2_1","0.7","https://docs.google.com/spreadsheets/d/1f320gkWf7OSXjhqv5IPitXg-_EKCf0T8-gqZDwCUyxc/edit","cc_3","cc_5","cc_4","cc_2_0","2020-05-26T02:26:10.585Z"
"https://topic-writer.appspot.com/","1a84ff23-9ef8-11ea-b605-db5be373455d","2020-05-26T02:26:15","cc_cellPhraseAppend","td","cc_3_1","0.7","https://docs.google.com/spreadsheets/d/1f320gkWf7OSXjhqv5IPitXg-_EKCf0T8-gqZDwCUyxc/edit","cc_3","cc_5","cc_4","cc_3_0","2020-05-26T02:26:15.157Z"
"https://topic-writer.appspot.com/","1a84ff23-9ef8-11ea-b605-db5be373455d","2020-05-26T02:26:29","cc_cellText","td","cc_3_1","0.7","https://docs.google.com/spreadsheets/d/1f320gkWf7OSXjhqv5IPitXg-_EKCf0T8-gqZDwCUyxc/edit","cc_3","cc_5","cc_4","cc_3_0","2020-05-26T02:26:29.072Z"
"https://topic-writer.appspot.com/","1a84ff23-9ef8-11ea-b605-db5be373455d","2020-05-26T02:28:29","cc_cellText","td","cc_1_1","0.7","https://docs.google.com/spreadsheets/d/1f320gkWf7OSXjhqv5IPitXg-_EKCf0T8-gqZDwCUyxc/edit","cc_3","cc_5","cc_4","cc_1_0","2020-05-26T02:28:29.093Z"
"https://topic-writer.appspot.com/","1a84ff23-9ef8-11ea-b605-db5be373455d","2020-05-26T02:28:36","cc_cellPhraseAppend","td","cc_2_1","0.7","https://docs.google.com/spreadsheets/d/1f320gkWf7OSXjhqv5IPitXg-_EKCf0T8-gqZDwCUyxc/edit","cc_3","cc_5","cc_4","cc_2_0","2020-05-26T02:28:36.257Z"
"https://topic-writer.appspot.com/","1a84ff23-9ef8-11ea-b605-db5be373455d","2020-05-26T02:28:44","cc_cellPhraseRemove","","other","0.7","https://docs.google.com/spreadsheets/d/1f320gkWf7OSXjhqv5IPitXg-_EKCf0T8-gqZDwCUyxc/edit","","","","","2020-05-26T02:28:44.886Z"
"https://topic-writer.appspot.com/","1a84ff23-9ef8-11ea-b605-db5be373455d","2020-05-26T02:28:44","cc_paragraphRemove","span","cc_29","0.7","https://docs.google.com/spreadsheets/d/1f320gkWf7OSXjhqv5IPitXg-_EKCf0T8-gqZDwCUyxc/edit","","","","","2020-05-26T02:28:44.891Z"
"https://topic-writer.appspot.com/","1a84ff23-9ef8-11ea-b605-db5be373455d","2020-05-26T02:30:51","cc_cellText","td","cc_2_1","0.7","https://docs.google.com/spreadsheets/d/1f320gkWf7OSXjhqv5IPitXg-_EKCf0T8-gqZDwCUyxc/edit","cc_3","cc_5","cc_4","cc_2_0","2020-05-26T02:30:51.186Z"
"https://topic-writer.appspot.com/","1a84ff23-9ef8-11ea-b605-db5be373455d","2020-05-26T02:31:20","cc_cellText","td","cc_0_1","0.7","https://docs.google.com/spreadsheets/d/1f320gkWf7OSXjhqv5IPitXg-_EKCf0T8-gqZDwCUyxc/edit","cc_3","cc_5","cc_4","cc_0_0","2020-05-26T02:31:20.469Z"
"https://topic-writer.appspot.com/","1a84ff23-9ef8-11ea-b605-db5be373455d","2020-05-26T02:32:06","cc_cellText","td","cc_1_1","0.7","https://docs.google.com/spreadsheets/d/1f320gkWf7OSXjhqv5IPitXg-_EKCf0T8-gqZDwCUyxc/edit","cc_3","cc_5","cc_4","cc_1_0","2020-05-26T02:32:06.634Z"
"https://topic-writer.appspot.com/","1a84ff23-9ef8-11ea-b605-db5be373455d","2020-05-26T02:34:15","cc_cellText","td","cc_2_1","0.7","https://docs.google.com/spreadsheets/d/1f320gkWf7OSXjhqv5IPitXg-_EKCf0T8-gqZDwCUyxc/edit","cc_3","cc_5","cc_4","cc_2_0","2020-05-26T02:34:15.937Z"
"https://topic-writer.appspot.com/","1a84ff23-9ef8-11ea-b605-db5be373455d","2020-05-26T02:35:40","cc_cellText","td","cc_2_1","0.7","https://docs.google.com/spreadsheets/d/1f320gkWf7OSXjhqv5IPitXg-_EKCf0T8-gqZDwCUyxc/edit","cc_3","cc_5","cc_4","cc_2_0","2020-05-26T02:35:40.422Z"
"https://topic-writer.appspot.com/","1a84ff23-9ef8-11ea-b605-db5be373455d","2020-05-26T02:35:54","cc_cellText","td","cc_2_1","0.7","https://docs.google.com/spreadsheets/d/1f320gkWf7OSXjhqv5IPitXg-_EKCf0T8-gqZDwCUyxc/edit","cc_3","cc_5","cc_4","cc_2_0","2020-05-26T02:35:54.149Z"
"https://topic-writer.appspot.com/","1a84ff23-9ef8-11ea-b605-db5be373455d","2020-05-26T02:36:21","cc_cellText","td","cc_2_1","0.7","https://docs.google.com/spreadsheets/d/1f320gkWf7OSXjhqv5IPitXg-_EKCf0T8-gqZDwCUyxc/edit","cc_3","cc_5","cc_4","cc_2_0","2020-05-26T02:36:21.556Z"
"https://topic-writer.appspot.com/","1a84ff23-9ef8-11ea-b605-db5be373455d","2020-05-26T02:37:13","cc_cellText","td","cc_1_1","0.7","https://docs.google.com/spreadsheets/d/1f320gkWf7OSXjhqv5IPitXg-_EKCf0T8-gqZDwCUyxc/edit","cc_3","cc_5","cc_4","cc_1_0","2020-05-26T02:37:13.607Z"
"https://topic-writer.appspot.com/","1a84ff23-9ef8-11ea-b605-db5be373455d","2020-05-26T02:37:29","cc_cellPhraseAppend","td","cc_4_1","0.7","https://docs.google.com/spreadsheets/d/1f320gkWf7OSXjhqv5IPitXg-_EKCf0T8-gqZDwCUyxc/edit","cc_3","cc_5","cc_4","cc_4_0","2020-05-26T02:37:29.859Z"
"https://topic-writer.appspot.com/","1a84ff23-9ef8-11ea-b605-db5be373455d","2020-05-26T02:37:53","cc_cellPhraseAppend","td","cc_4_1","0.7","https://docs.google.com/spreadsheets/d/1f320gkWf7OSXjhqv5IPitXg-_EKCf0T8-gqZDwCUyxc/edit","cc_3","cc_5","cc_4","cc_4_0","2020-05-26T02:37:53.597Z"
"https://topic-writer.appspot.com/","1a84ff23-9ef8-11ea-b605-db5be373455d","2020-05-26T02:40:15","cc_cellText","td","cc_4_1","0.7","https://docs.google.com/spreadsheets/d/1f320gkWf7OSXjhqv5IPitXg-_EKCf0T8-gqZDwCUyxc/edit","cc_3","cc_5","cc_4","cc_4_0","2020-05-26T02:40:15.574Z"
"https://topic-writer.appspot.com/","1a84ff23-9ef8-11ea-b605-db5be373455d","2020-05-26T02:40:22","cc_paragraphRemove","span","cc_32","0.7","https://docs.google.com/spreadsheets/d/1f320gkWf7OSXjhqv5IPitXg-_EKCf0T8-gqZDwCUyxc/edit","","","","","2020-05-26T02:40:22.256Z"
"https://topic-writer.appspot.com/","1a84ff23-9ef8-11ea-b605-db5be373455d","2020-05-26T02:40:22","cc_cellPhraseRemove","","other","0.7","https://docs.google.com/spreadsheets/d/1f320gkWf7OSXjhqv5IPitXg-_EKCf0T8-gqZDwCUyxc/edit","","","","","2020-05-26T02:40:22.243Z"
"https://topic-writer.appspot.com/","1a84ff23-9ef8-11ea-b605-db5be373455d","2020-05-26T02:43:31","cc_cellText","td","cc_2_1","0.7","https://docs.google.com/spreadsheets/d/1f320gkWf7OSXjhqv5IPitXg-_EKCf0T8-gqZDwCUyxc/edit","cc_3","cc_5","cc_4","cc_2_0","2020-05-26T02:43:31.120Z"
"https://topic-writer.appspot.com/","1a84ff23-9ef8-11ea-b605-db5be373455d","2020-05-26T02:44:11","cc_cellPhraseAppend","td","cc_3_1","0.7","https://docs.google.com/spreadsheets/d/1f320gkWf7OSXjhqv5IPitXg-_EKCf0T8-gqZDwCUyxc/edit","cc_3","cc_5","cc_4","cc_3_0","2020-05-26T02:44:11.342Z"
"https://topic-writer.appspot.com/","1a84ff23-9ef8-11ea-b605-db5be373455d","2020-05-26T02:44:25","cc_paragraphRemove","span","cc_38","0.7","https://docs.google.com/spreadsheets/d/1f320gkWf7OSXjhqv5IPitXg-_EKCf0T8-gqZDwCUyxc/edit","","","","","2020-05-26T02:44:25.719Z"
"https://topic-writer.appspot.com/","1a84ff23-9ef8-11ea-b605-db5be373455d","2020-05-26T02:44:25","cc_cellPhraseRemove","","other","0.7","https://docs.google.com/spreadsheets/d/1f320gkWf7OSXjhqv5IPitXg-_EKCf0T8-gqZDwCUyxc/edit","","","","","2020-05-26T02:44:25.712Z"
"https://topic-writer.appspot.com/","1a84ff23-9ef8-11ea-b605-db5be373455d","2020-05-26T02:46:24","cc_cellText","td","cc_3_1","0.7","https://docs.google.com/spreadsheets/d/1f320gkWf7OSXjhqv5IPitXg-_EKCf0T8-gqZDwCUyxc/edit","cc_3","cc_5","cc_4","cc_3_0","2020-05-26T02:46:24.809Z"
"https://topic-writer.appspot.com/","1a84ff23-9ef8-11ea-b605-db5be373455d","2020-05-26T02:52:26","cc_cellText","td","cc_3_1","0.7","https://docs.google.com/spreadsheets/d/1f320gkWf7OSXjhqv5IPitXg-_EKCf0T8-gqZDwCUyxc/edit","cc_3","cc_5","cc_4","cc_3_0","2020-05-26T02:52:26.160Z"
"https://topic-writer.appspot.com/","1a84ff23-9ef8-11ea-b605-db5be373455d","2020-05-26T02:59:06","cc_cellText","td","cc_4_1","0.7","https://docs.google.com/spreadsheets/d/1f320gkWf7OSXjhqv5IPitXg-_EKCf0T8-gqZDwCUyxc/edit","cc_3","cc_5","cc_4","cc_4_0","2020-05-26T02:59:06.150Z"
"https://topic-writer.appspot.com/","1a84ff23-9ef8-11ea-b605-db5be373455d","2020-05-26T02:59:30","cc_documentBeforeSave","","other","0.7","https://docs.google.com/spreadsheets/d/1f320gkWf7OSXjhqv5IPitXg-_EKCf0T8-gqZDwCUyxc/edit","","","","","2020-05-26T02:59:30.129Z"
"https://topic-writer.appspot.com/","1a84ff23-9ef8-11ea-b605-db5be373455d","2020-05-26T02:59:33","cc_documentLoaded","","other","0.7","https://docs.google.com/spreadsheets/d/1f320gkWf7OSXjhqv5IPitXg-_EKCf0T8-gqZDwCUyxc/edit","","","","","2020-05-26T02:59:33.291Z"
"https://topic-writer.appspot.com/","1a84ff23-9ef8-11ea-b605-db5be373455d","2020-05-26T02:59:34","cc_textOut","","other","0.7","https://docs.google.com/spreadsheets/d/1f320gkWf7OSXjhqv5IPitXg-_EKCf0T8-gqZDwCUyxc/edit","","","","","2020-05-26T02:59:34.980Z"
"https://topic-writer.appspot.com/","25148b33-9cf3-11ea-ae2d-f57f26bae6ed","2020-05-23T12:44:30","cc_documentLoaded","","other","0.7","https://docs.google.com/spreadsheets/d/1f320gkWf7OSXjhqv5IPitXg-_EKCf0T8-gqZDwCUyxc/edit","","","","","2020-05-23T12:44:30.643Z"
"https://topic-writer.appspot.com/","25148b33-9cf3-11ea-ae2d-f57f26bae6ed","2020-05-23T12:44:30","cc_create","","other","0.7","https://docs.google.com/spreadsheets/d/1f320gkWf7OSXjhqv5IPitXg-_EKCf0T8-gqZDwCUyxc/edit","","","","","2020-05-23T12:44:30.638Z"
"https://topic-writer.appspot.com/","25148b33-9cf3-11ea-ae2d-f57f26bae6ed","2020-05-23T12:49:42","cc_cellPhraseAppend","td","cc_0_1","0.7","https://docs.google.com/spreadsheets/d/1f320gkWf7OSXjhqv5IPitXg-_EKCf0T8-gqZDwCUyxc/edit","cc_3","cc_5","cc_4","cc_0_0","2020-05-23T12:49:42.254Z"
"https://topic-writer.appspot.com/","25148b33-9cf3-11ea-ae2d-f57f26bae6ed","2020-05-23T12:49:49","cc_cellText","td","cc_0_1","0.7","https://docs.google.com/spreadsheets/d/1f320gkWf7OSXjhqv5IPitXg-_EKCf0T8-gqZDwCUyxc/edit","cc_3","cc_5","cc_4","cc_0_0","2020-05-23T12:49:49.253Z"
"https://topic-writer.appspot.com/","25148b33-9cf3-11ea-ae2d-f57f26bae6ed","2020-05-23T12:49:55","cc_cellPhraseAppend","td","cc_1_1","0.7","https://docs.google.com/spreadsheets/d/1f320gkWf7OSXjhqv5IPitXg-_EKCf0T8-gqZDwCUyxc/edit","cc_3","cc_5","cc_4","cc_1_0","2020-05-23T12:49:55.042Z"
"https://topic-writer.appspot.com/","25148b33-9cf3-11ea-ae2d-f57f26bae6ed","2020-05-23T12:54:36","cc_cellText","td","cc_1_1","0.7","https://docs.google.com/spreadsheets/d/1f320gkWf7OSXjhqv5IPitXg-_EKCf0T8-gqZDwCUyxc/edit","cc_3","cc_5","cc_4","cc_1_0","2020-05-23T12:54:36.581Z"
"https://topic-writer.appspot.com/","25148b33-9cf3-11ea-ae2d-f57f26bae6ed","2020-05-23T13:08:50","cc_cellPhraseAppend","td","cc_2_1","0.7","https://docs.google.com/spreadsheets/d/1f320gkWf7OSXjhqv5IPitXg-_EKCf0T8-gqZDwCUyxc/edit","cc_3","cc_5","cc_4","cc_2_0","2020-05-23T13:08:50.578Z"
"https://topic-writer.appspot.com/","25148b33-9cf3-11ea-ae2d-f57f26bae6ed","2020-05-23T13:14:11","cc_cellText","td","cc_2_1","0.7","https://docs.google.com/spreadsheets/d/1f320gkWf7OSXjhqv5IPitXg-_EKCf0T8-gqZDwCUyxc/edit","cc_3","cc_5","cc_4","cc_2_0","2020-05-23T13:14:11.777Z"
"https://topic-writer.appspot.com/","25148b33-9cf3-11ea-ae2d-f57f26bae6ed","2020-05-23T13:18:41","cc_cellPhraseAppend","td","cc_3_1","0.7","https://docs.google.com/spreadsheets/d/1f320gkWf7OSXjhqv5IPitXg-_EKCf0T8-gqZDwCUyxc/edit","cc_3","cc_5","cc_4","cc_3_0","2020-05-23T13:18:41.597Z"
"https://topic-writer.appspot.com/","25148b33-9cf3-11ea-ae2d-f57f26bae6ed","2020-05-23T13:21:45","cc_cellText","td","cc_3_1","0.7","https://docs.google.com/spreadsheets/d/1f320gkWf7OSXjhqv5IPitXg-_EKCf0T8-gqZDwCUyxc/edit","cc_3","cc_5","cc_4","cc_3_0","2020-05-23T13:21:45.151Z"
"https://topic-writer.appspot.com/","25148b33-9cf3-11ea-ae2d-f57f26bae6ed","2020-05-23T13:21:47","cc_textOut","","other","0.7","https://docs.google.com/spreadsheets/d/1f320gkWf7OSXjhqv5IPitXg-_EKCf0T8-gqZDwCUyxc/edit","","","","","2020-05-23T13:21:47.025Z"
"https://topic-writer.appspot.com/","25148b33-9cf3-11ea-ae2d-f57f26bae6ed","2020-05-23T13:22:29","cc_documentBeforeSave","","other","0.7","https://docs.google.com/spreadsheets/d/1f320gkWf7OSXjhqv5IPitXg-_EKCf0T8-gqZDwCUyxc/edit","","","","","2020-05-23T13:22:29.857Z"
"https://topic-writer.appspot.com/","25148b33-9cf3-11ea-ae2d-f57f26bae6ed","2020-05-23T13:22:33","cc_documentLoaded","","other","0.7","https://docs.google.com/spreadsheets/d/1f320gkWf7OSXjhqv5IPitXg-_EKCf0T8-gqZDwCUyxc/edit","","","","","2020-05-23T13:22:33.015Z"
"https://topic-writer.appspot.com/","25148b33-9cf3-11ea-ae2d-f57f26bae6ed","2020-05-26T02:26:34","cc_documentLoaded","","other","0.7","https://docs.google.com/spreadsheets/d/1f320gkWf7OSXjhqv5IPitXg-_EKCf0T8-gqZDwCUyxc/edit","","","","","2020-05-26T02:26:34.896Z"
"https://topic-writer.appspot.com/","25148b33-9cf3-11ea-ae2d-f57f26bae6ed","2020-05-26T02:26:52","cc_cellPhraseAppend","td","cc_4_1","0.7","https://docs.google.com/spreadsheets/d/1f320gkWf7OSXjhqv5IPitXg-_EKCf0T8-gqZDwCUyxc/edit","cc_3","cc_5","cc_4","cc_4_0","2020-05-26T02:26:52.521Z"
"https://topic-writer.appspot.com/","25148b33-9cf3-11ea-ae2d-f57f26bae6ed","2020-05-26T02:30:44","cc_cellText","td","cc_4_1","0.7","https://docs.google.com/spreadsheets/d/1f320gkWf7OSXjhqv5IPitXg-_EKCf0T8-gqZDwCUyxc/edit","cc_3","cc_5","cc_4","cc_4_0","2020-05-26T02:30:44.258Z"
"https://topic-writer.appspot.com/","25148b33-9cf3-11ea-ae2d-f57f26bae6ed","2020-05-26T02:30:52","cc_cellPhraseAppend","td","cc_4_1","0.7","https://docs.google.com/spreadsheets/d/1f320gkWf7OSXjhqv5IPitXg-_EKCf0T8-gqZDwCUyxc/edit","cc_3","cc_5","cc_4","cc_4_0","2020-05-26T02:30:52.143Z"
"https://topic-writer.appspot.com/","25148b33-9cf3-11ea-ae2d-f57f26bae6ed","2020-05-26T02:31:02","cc_cellPhraseRemove","","other","0.7","https://docs.google.com/spreadsheets/d/1f320gkWf7OSXjhqv5IPitXg-_EKCf0T8-gqZDwCUyxc/edit","","","","","2020-05-26T02:31:02.704Z"
"https://topic-writer.appspot.com/","25148b33-9cf3-11ea-ae2d-f57f26bae6ed","2020-05-26T02:31:02","cc_paragraphRemove","span","cc_32","0.7","https://docs.google.com/spreadsheets/d/1f320gkWf7OSXjhqv5IPitXg-_EKCf0T8-gqZDwCUyxc/edit","","","","","2020-05-26T02:31:02.712Z"
"https://topic-writer.appspot.com/","25148b33-9cf3-11ea-ae2d-f57f26bae6ed","2020-05-26T02:31:21","cc_cellText","td","cc_2_1","0.7","https://docs.google.com/spreadsheets/d/1f320gkWf7OSXjhqv5IPitXg-_EKCf0T8-gqZDwCUyxc/edit","cc_3","cc_5","cc_4","cc_2_0","2020-05-26T02:31:21.139Z"
"https://topic-writer.appspot.com/","25148b33-9cf3-11ea-ae2d-f57f26bae6ed","2020-05-26T02:32:19","cc_cellText","td","cc_4_1","0.7","https://docs.google.com/spreadsheets/d/1f320gkWf7OSXjhqv5IPitXg-_EKCf0T8-gqZDwCUyxc/edit","cc_3","cc_5","cc_4","cc_4_0","2020-05-26T02:32:19.317Z"
"https://topic-writer.appspot.com/","25148b33-9cf3-11ea-ae2d-f57f26bae6ed","2020-05-26T02:34:35","cc_cellText","td","cc_4_1","0.7","https://docs.google.com/spreadsheets/d/1f320gkWf7OSXjhqv5IPitXg-_EKCf0T8-gqZDwCUyxc/edit","cc_3","cc_5","cc_4","cc_4_0","2020-05-26T02:34:35.904Z"
"https://topic-writer.appspot.com/","25148b33-9cf3-11ea-ae2d-f57f26bae6ed","2020-05-26T02:34:45","cc_cellText","td","cc_2_1","0.7","https://docs.google.com/spreadsheets/d/1f320gkWf7OSXjhqv5IPitXg-_EKCf0T8-gqZDwCUyxc/edit","cc_3","cc_5","cc_4","cc_2_0","2020-05-26T02:34:45.019Z"
"https://topic-writer.appspot.com/","25148b33-9cf3-11ea-ae2d-f57f26bae6ed","2020-05-26T02:35:14","cc_cellText","td","cc_4_1","0.7","https://docs.google.com/spreadsheets/d/1f320gkWf7OSXjhqv5IPitXg-_EKCf0T8-gqZDwCUyxc/edit","cc_3","cc_5","cc_4","cc_4_0","2020-05-26T02:35:14.077Z"
"https://topic-writer.appspot.com/","25148b33-9cf3-11ea-ae2d-f57f26bae6ed","2020-05-26T02:35:35","cc_cellText","td","cc_2_1","0.7","https://docs.google.com/spreadsheets/d/1f320gkWf7OSXjhqv5IPitXg-_EKCf0T8-gqZDwCUyxc/edit","cc_3","cc_5","cc_4","cc_2_0","2020-05-26T02:35:35.003Z"
"https://topic-writer.appspot.com/","25148b33-9cf3-11ea-ae2d-f57f26bae6ed","2020-05-26T02:36:35","cc_cellText","td","cc_4_1","0.7","https://docs.google.com/spreadsheets/d/1f320gkWf7OSXjhqv5IPitXg-_EKCf0T8-gqZDwCUyxc/edit","cc_3","cc_5","cc_4","cc_4_0","2020-05-26T02:36:35.785Z"
"https://topic-writer.appspot.com/","25148b33-9cf3-11ea-ae2d-f57f26bae6ed","2020-05-26T02:36:45","cc_cellText","td","cc_2_1","0.7","https://docs.google.com/spreadsheets/d/1f320gkWf7OSXjhqv5IPitXg-_EKCf0T8-gqZDwCUyxc/edit","cc_3","cc_5","cc_4","cc_2_0","2020-05-26T02:36:45.094Z"
"https://topic-writer.appspot.com/","25148b33-9cf3-11ea-ae2d-f57f26bae6ed","2020-05-26T02:38:09","cc_cellText","td","cc_4_1","0.7","https://docs.google.com/spreadsheets/d/1f320gkWf7OSXjhqv5IPitXg-_EKCf0T8-gqZDwCUyxc/edit","cc_3","cc_5","cc_4","cc_4_0","2020-05-26T02:38:09.268Z"
"https://topic-writer.appspot.com/","25148b33-9cf3-11ea-ae2d-f57f26bae6ed","2020-05-26T02:38:20","cc_cellPhraseAppend","td","cc_3_1","0.7","https://docs.google.com/spreadsheets/d/1f320gkWf7OSXjhqv5IPitXg-_EKCf0T8-gqZDwCUyxc/edit","cc_3","cc_5","cc_4","cc_3_0","2020-05-26T02:38:20.778Z"
"https://topic-writer.appspot.com/","25148b33-9cf3-11ea-ae2d-f57f26bae6ed","2020-05-26T02:38:29","cc_paragraphRemove","span","cc_35","0.7","https://docs.google.com/spreadsheets/d/1f320gkWf7OSXjhqv5IPitXg-_EKCf0T8-gqZDwCUyxc/edit","","","","","2020-05-26T02:38:29.548Z"
"https://topic-writer.appspot.com/","25148b33-9cf3-11ea-ae2d-f57f26bae6ed","2020-05-26T02:38:29","cc_cellPhraseRemove","","other","0.7","https://docs.google.com/spreadsheets/d/1f320gkWf7OSXjhqv5IPitXg-_EKCf0T8-gqZDwCUyxc/edit","","","","","2020-05-26T02:38:29.544Z"
"https://topic-writer.appspot.com/","25148b33-9cf3-11ea-ae2d-f57f26bae6ed","2020-05-26T02:38:36","cc_cellText","td","cc_3_1","0.7","https://docs.google.com/spreadsheets/d/1f320gkWf7OSXjhqv5IPitXg-_EKCf0T8-gqZDwCUyxc/edit","cc_3","cc_5","cc_4","cc_3_0","2020-05-26T02:38:36.948Z"
"https://topic-writer.appspot.com/","25148b33-9cf3-11ea-ae2d-f57f26bae6ed","2020-05-26T02:38:55","cc_cellText","td","cc_4_1","0.7","https://docs.google.com/spreadsheets/d/1f320gkWf7OSXjhqv5IPitXg-_EKCf0T8-gqZDwCUyxc/edit","cc_3","cc_5","cc_4","cc_4_0","2020-05-26T02:38:55.567Z"
"https://topic-writer.appspot.com/","25148b33-9cf3-11ea-ae2d-f57f26bae6ed","2020-05-26T02:39:10","cc_cellText","td","cc_1_1","0.7","https://docs.google.com/spreadsheets/d/1f320gkWf7OSXjhqv5IPitXg-_EKCf0T8-gqZDwCUyxc/edit","cc_3","cc_5","cc_4","cc_1_0","2020-05-26T02:39:10.881Z"
"https://topic-writer.appspot.com/","25148b33-9cf3-11ea-ae2d-f57f26bae6ed","2020-05-26T02:39:25","cc_cellText","td","cc_4_1","0.7","https://docs.google.com/spreadsheets/d/1f320gkWf7OSXjhqv5IPitXg-_EKCf0T8-gqZDwCUyxc/edit","cc_3","cc_5","cc_4","cc_4_0","2020-05-26T02:39:25.356Z"
"https://topic-writer.appspot.com/","25148b33-9cf3-11ea-ae2d-f57f26bae6ed","2020-05-26T02:39:36","cc_cellText","td","cc_1_1","0.7","https://docs.google.com/spreadsheets/d/1f320gkWf7OSXjhqv5IPitXg-_EKCf0T8-gqZDwCUyxc/edit","cc_3","cc_5","cc_4","cc_1_0","2020-05-26T02:39:36.344Z"
"https://topic-writer.appspot.com/","25148b33-9cf3-11ea-ae2d-f57f26bae6ed","2020-05-26T02:39:48","cc_cellText","td","cc_1_1","0.7","https://docs.google.com/spreadsheets/d/1f320gkWf7OSXjhqv5IPitXg-_EKCf0T8-gqZDwCUyxc/edit","cc_3","cc_5","cc_4","cc_1_0","2020-05-26T02:39:48.156Z"
"https://topic-writer.appspot.com/","25148b33-9cf3-11ea-ae2d-f57f26bae6ed","2020-05-26T02:40:02","cc_cellText","td","cc_4_1","0.7","https://docs.google.com/spreadsheets/d/1f320gkWf7OSXjhqv5IPitXg-_EKCf0T8-gqZDwCUyxc/edit","cc_3","cc_5","cc_4","cc_4_0","2020-05-26T02:40:02.944Z"
"https://topic-writer.appspot.com/","25148b33-9cf3-11ea-ae2d-f57f26bae6ed","2020-05-26T02:42:28","cc_documentBeforeSave","","other","0.7","https://docs.google.com/spreadsheets/d/1f320gkWf7OSXjhqv5IPitXg-_EKCf0T8-gqZDwCUyxc/edit","","","","","2020-05-26T02:42:28.315Z"
"https://topic-writer.appspot.com/","25148b33-9cf3-11ea-ae2d-f57f26bae6ed","2020-05-26T02:42:30","cc_documentLoaded","","other","0.7","https://docs.google.com/spreadsheets/d/1f320gkWf7OSXjhqv5IPitXg-_EKCf0T8-gqZDwCUyxc/edit","","","","","2020-05-26T02:42:30.988Z"
"https://topic-writer.appspot.com/","25148b33-9cf3-11ea-ae2d-f57f26bae6ed","2020-05-26T02:43:37","cc_cellText","td","cc_4_1","0.7","https://docs.google.com/spreadsheets/d/1f320gkWf7OSXjhqv5IPitXg-_EKCf0T8-gqZDwCUyxc/edit","cc_3","cc_5","cc_4","cc_4_0","2020-05-26T02:43:37.826Z"
"https://topic-writer.appspot.com/","25148b33-9cf3-11ea-ae2d-f57f26bae6ed","2020-05-26T02:44:53","cc_cellText","td","cc_4_1","0.7","https://docs.google.com/spreadsheets/d/1f320gkWf7OSXjhqv5IPitXg-_EKCf0T8-gqZDwCUyxc/edit","cc_3","cc_5","cc_4","cc_4_0","2020-05-26T02:44:53.484Z"
"https://topic-writer.appspot.com/","25148b33-9cf3-11ea-ae2d-f57f26bae6ed","2020-05-26T02:44:57","cc_documentBeforeSave","","other","0.7","https://docs.google.com/spreadsheets/d/1f320gkWf7OSXjhqv5IPitXg-_EKCf0T8-gqZDwCUyxc/edit","","","","","2020-05-26T02:44:57.678Z"
"https://topic-writer.appspot.com/","25148b33-9cf3-11ea-ae2d-f57f26bae6ed","2020-05-26T02:45:06","cc_textOut","","other","0.7","https://docs.google.com/spreadsheets/d/1f320gkWf7OSXjhqv5IPitXg-_EKCf0T8-gqZDwCUyxc/edit","","","","","2020-05-26T02:45:06.628Z"
"https://topic-writer.appspot.com/","e4c02699-99b6-11ea-9961-491e6b885205","2020-05-19T09:55:46","cc_documentLoaded","","other","0.7","https://docs.google.com/spreadsheets/d/1f320gkWf7OSXjhqv5IPitXg-_EKCf0T8-gqZDwCUyxc/edit","","","","","2020-05-19T09:55:46.855Z"
"https://topic-writer.appspot.com/","e4c02699-99b6-11ea-9961-491e6b885205","2020-05-19T09:55:46","cc_create","","other","0.7","https://docs.google.com/spreadsheets/d/1f320gkWf7OSXjhqv5IPitXg-_EKCf0T8-gqZDwCUyxc/edit","","","","","2020-05-19T09:55:46.851Z"
"https://topic-writer.appspot.com/","e4c02699-99b6-11ea-9961-491e6b885205","2020-05-19T09:59:43","cc_cellPhraseAppend","td","cc_0_1","0.7","https://docs.google.com/spreadsheets/d/1f320gkWf7OSXjhqv5IPitXg-_EKCf0T8-gqZDwCUyxc/edit","cc_3","cc_5","cc_4","cc_0_0","2020-05-19T09:59:43.513Z"
"https://topic-writer.appspot.com/","e4c02699-99b6-11ea-9961-491e6b885205","2020-05-19T10:00:02","cc_cellText","td","cc_0_1","0.7","https://docs.google.com/spreadsheets/d/1f320gkWf7OSXjhqv5IPitXg-_EKCf0T8-gqZDwCUyxc/edit","cc_3","cc_5","cc_4","cc_0_0","2020-05-19T10:00:02.979Z"
"https://topic-writer.appspot.com/","e4c02699-99b6-11ea-9961-491e6b885205","2020-05-19T10:03:18","cc_cellPhraseAppend","td","cc_1_1","0.7","https://docs.google.com/spreadsheets/d/1f320gkWf7OSXjhqv5IPitXg-_EKCf0T8-gqZDwCUyxc/edit","cc_3","cc_5","cc_4","cc_1_0","2020-05-19T10:03:18.435Z"
"https://topic-writer.appspot.com/","e4c02699-99b6-11ea-9961-491e6b885205","2020-05-19T10:04:44","cc_cellText","td","cc_1_1","0.7","https://docs.google.com/spreadsheets/d/1f320gkWf7OSXjhqv5IPitXg-_EKCf0T8-gqZDwCUyxc/edit","cc_3","cc_5","cc_4","cc_1_0","2020-05-19T10:04:44.802Z"
"https://topic-writer.appspot.com/","e4c02699-99b6-11ea-9961-491e6b885205","2020-05-19T10:05:10","cc_cellPhraseAppend","td","cc_2_1","0.7","https://docs.google.com/spreadsheets/d/1f320gkWf7OSXjhqv5IPitXg-_EKCf0T8-gqZDwCUyxc/edit","cc_3","cc_5","cc_4","cc_2_0","2020-05-19T10:05:10.114Z"
"https://topic-writer.appspot.com/","e4c02699-99b6-11ea-9961-491e6b885205","2020-05-19T10:06:18","cc_cellText","td","cc_2_1","0.7","https://docs.google.com/spreadsheets/d/1f320gkWf7OSXjhqv5IPitXg-_EKCf0T8-gqZDwCUyxc/edit","cc_3","cc_5","cc_4","cc_2_0","2020-05-19T10:06:18.353Z"
"https://topic-writer.appspot.com/","e4c02699-99b6-11ea-9961-491e6b885205","2020-05-19T10:06:26","cc_cellPhraseAppend","td","cc_3_1","0.7","https://docs.google.com/spreadsheets/d/1f320gkWf7OSXjhqv5IPitXg-_EKCf0T8-gqZDwCUyxc/edit","cc_3","cc_5","cc_4","cc_3_0","2020-05-19T10:06:26.075Z"
"https://topic-writer.appspot.com/","e4c02699-99b6-11ea-9961-491e6b885205","2020-05-19T10:09:18","cc_cellText","td","cc_3_1","0.7","https://docs.google.com/spreadsheets/d/1f320gkWf7OSXjhqv5IPitXg-_EKCf0T8-gqZDwCUyxc/edit","cc_3","cc_5","cc_4","cc_3_0","2020-05-19T10:09:18.849Z"
"https://topic-writer.appspot.com/","e4c02699-99b6-11ea-9961-491e6b885205","2020-05-19T10:09:23","cc_documentBeforeSave","","other","0.7","https://docs.google.com/spreadsheets/d/1f320gkWf7OSXjhqv5IPitXg-_EKCf0T8-gqZDwCUyxc/edit","","","","","2020-05-19T10:09:23.125Z"
"https://topic-writer.appspot.com/","e4c02699-99b6-11ea-9961-491e6b885205","2020-05-19T10:09:24","cc_textOut","","other","0.7","https://docs.google.com/spreadsheets/d/1f320gkWf7OSXjhqv5IPitXg-_EKCf0T8-gqZDwCUyxc/edit","","","","","2020-05-19T10:09:24.775Z"
"https://topic-writer.appspot.com/","e4c02699-99b6-11ea-9961-491e6b885205","2020-05-19T10:09:26","cc_documentLoaded","","other","0.7","https://docs.google.com/spreadsheets/d/1f320gkWf7OSXjhqv5IPitXg-_EKCf0T8-gqZDwCUyxc/edit","","","","","2020-05-19T10:09:26.155Z"
"https://topic-writer.appspot.com/","e4c02699-99b6-11ea-9961-491e6b885205","2020-05-19T10:09:28","cc_textOut","","other","0.7","https://docs.google.com/spreadsheets/d/1f320gkWf7OSXjhqv5IPitXg-_EKCf0T8-gqZDwCUyxc/edit","","","","","2020-05-19T10:09:28.682Z"
"https://topic-writer.appspot.com/","e4c02699-99b6-11ea-9961-491e6b885205","2020-05-26T02:29:55","cc_documentLoaded","","other","0.7","https://docs.google.com/spreadsheets/d/1f320gkWf7OSXjhqv5IPitXg-_EKCf0T8-gqZDwCUyxc/edit","","","","","2020-05-26T02:29:55.989Z"
"https://topic-writer.appspot.com/","e4c02699-99b6-11ea-9961-491e6b885205","2020-05-26T02:32:16","cc_cellText","td","cc_1_1","0.7","https://docs.google.com/spreadsheets/d/1f320gkWf7OSXjhqv5IPitXg-_EKCf0T8-gqZDwCUyxc/edit","cc_3","cc_5","cc_4","cc_1_0","2020-05-26T02:32:16.677Z"
"https://topic-writer.appspot.com/","e4c02699-99b6-11ea-9961-491e6b885205","2020-05-26T02:33:00","cc_cellPhraseAppend","td","cc_1_1","0.7","https://docs.google.com/spreadsheets/d/1f320gkWf7OSXjhqv5IPitXg-_EKCf0T8-gqZDwCUyxc/edit","cc_3","cc_5","cc_4","cc_1_0","2020-05-26T02:33:00.902Z"
"https://topic-writer.appspot.com/","e4c02699-99b6-11ea-9961-491e6b885205","2020-05-26T02:33:08","cc_cellPhraseAppend","td","cc_1_1","0.7","https://docs.google.com/spreadsheets/d/1f320gkWf7OSXjhqv5IPitXg-_EKCf0T8-gqZDwCUyxc/edit","cc_3","cc_5","cc_4","cc_1_0","2020-05-26T02:33:08.174Z"
"https://topic-writer.appspot.com/","e4c02699-99b6-11ea-9961-491e6b885205","2020-05-26T02:33:28","cc_cellText","td","cc_1_1","0.7","https://docs.google.com/spreadsheets/d/1f320gkWf7OSXjhqv5IPitXg-_EKCf0T8-gqZDwCUyxc/edit","cc_3","cc_5","cc_4","cc_1_0","2020-05-26T02:33:28.781Z"
"https://topic-writer.appspot.com/","e4c02699-99b6-11ea-9961-491e6b885205","2020-05-26T02:36:10","cc_cellText","td","cc_2_1","0.7","https://docs.google.com/spreadsheets/d/1f320gkWf7OSXjhqv5IPitXg-_EKCf0T8-gqZDwCUyxc/edit","cc_3","cc_5","cc_4","cc_2_0","2020-05-26T02:36:10.439Z"
"https://topic-writer.appspot.com/","e4c02699-99b6-11ea-9961-491e6b885205","2020-05-26T02:36:46","cc_cellPhraseAppend","td","cc_4_1","0.7","https://docs.google.com/spreadsheets/d/1f320gkWf7OSXjhqv5IPitXg-_EKCf0T8-gqZDwCUyxc/edit","cc_3","cc_5","cc_4","cc_4_0","2020-05-26T02:36:46.359Z"
"https://topic-writer.appspot.com/","e4c02699-99b6-11ea-9961-491e6b885205","2020-05-26T02:38:45","cc_cellText","td","cc_4_1","0.7","https://docs.google.com/spreadsheets/d/1f320gkWf7OSXjhqv5IPitXg-_EKCf0T8-gqZDwCUyxc/edit","cc_3","cc_5","cc_4","cc_4_0","2020-05-26T02:38:45.542Z"
"https://topic-writer.appspot.com/","e4c02699-99b6-11ea-9961-491e6b885205","2020-05-26T02:39:26","cc_cellText","td","cc_4_1","0.7","https://docs.google.com/spreadsheets/d/1f320gkWf7OSXjhqv5IPitXg-_EKCf0T8-gqZDwCUyxc/edit","cc_3","cc_5","cc_4","cc_4_0","2020-05-26T02:39:26.835Z"
"https://topic-writer.appspot.com/","e4c02699-99b6-11ea-9961-491e6b885205","2020-05-26T02:39:45","cc_cellText","td","cc_4_1","0.7","https://docs.google.com/spreadsheets/d/1f320gkWf7OSXjhqv5IPitXg-_EKCf0T8-gqZDwCUyxc/edit","cc_3","cc_5","cc_4","cc_4_0","2020-05-26T02:39:45.094Z"
"https://topic-writer.appspot.com/","e4c02699-99b6-11ea-9961-491e6b885205","2020-05-26T02:40:16","cc_cellText","td","cc_3_1","0.7","https://docs.google.com/spreadsheets/d/1f320gkWf7OSXjhqv5IPitXg-_EKCf0T8-gqZDwCUyxc/edit","cc_3","cc_5","cc_4","cc_3_0","2020-05-26T02:40:16.447Z"
"https://topic-writer.appspot.com/","e4c02699-99b6-11ea-9961-491e6b885205","2020-05-26T02:40:44","cc_cellText","td","cc_3_1","0.7","https://docs.google.com/spreadsheets/d/1f320gkWf7OSXjhqv5IPitXg-_EKCf0T8-gqZDwCUyxc/edit","cc_3","cc_5","cc_4","cc_3_0","2020-05-26T02:40:44.280Z"
"https://topic-writer.appspot.com/","e4c02699-99b6-11ea-9961-491e6b885205","2020-05-26T02:40:53","cc_cellText","td","cc_4_1","0.7","https://docs.google.com/spreadsheets/d/1f320gkWf7OSXjhqv5IPitXg-_EKCf0T8-gqZDwCUyxc/edit","cc_3","cc_5","cc_4","cc_4_0","2020-05-26T02:40:53.179Z"
"https://topic-writer.appspot.com/","e4c02699-99b6-11ea-9961-491e6b885205","2020-05-26T02:41:29","cc_cellText","td","cc_4_1","0.7","https://docs.google.com/spreadsheets/d/1f320gkWf7OSXjhqv5IPitXg-_EKCf0T8-gqZDwCUyxc/edit","cc_3","cc_5","cc_4","cc_4_0","2020-05-26T02:41:29.885Z"
"https://topic-writer.appspot.com/","e4c02699-99b6-11ea-9961-491e6b885205","2020-05-26T02:41:33","cc_cellPhraseAppend","td","cc_3_1","0.7","https://docs.google.com/spreadsheets/d/1f320gkWf7OSXjhqv5IPitXg-_EKCf0T8-gqZDwCUyxc/edit","cc_3","cc_5","cc_4","cc_3_0","2020-05-26T02:41:33.863Z"
"https://topic-writer.appspot.com/","e4c02699-99b6-11ea-9961-491e6b885205","2020-05-26T02:41:51","cc_cellPhraseAppend","td","cc_3_1","0.7","https://docs.google.com/spreadsheets/d/1f320gkWf7OSXjhqv5IPitXg-_EKCf0T8-gqZDwCUyxc/edit","cc_3","cc_5","cc_4","cc_3_0","2020-05-26T02:41:51.953Z"
"https://topic-writer.appspot.com/","e4c02699-99b6-11ea-9961-491e6b885205","2020-05-26T02:42:07","cc_cellText","td","cc_3_1","0.7","https://docs.google.com/spreadsheets/d/1f320gkWf7OSXjhqv5IPitXg-_EKCf0T8-gqZDwCUyxc/edit","cc_3","cc_5","cc_4","cc_3_0","2020-05-26T02:42:07.435Z"
"https://topic-writer.appspot.com/","e4c02699-99b6-11ea-9961-491e6b885205","2020-05-26T02:42:20","cc_cellText","td","cc_4_1","0.7","https://docs.google.com/spreadsheets/d/1f320gkWf7OSXjhqv5IPitXg-_EKCf0T8-gqZDwCUyxc/edit","cc_3","cc_5","cc_4","cc_4_0","2020-05-26T02:42:20.386Z"
"https://topic-writer.appspot.com/","e4c02699-99b6-11ea-9961-491e6b885205","2020-05-26T02:42:50","cc_documentBeforeSave","","other","0.7","https://docs.google.com/spreadsheets/d/1f320gkWf7OSXjhqv5IPitXg-_EKCf0T8-gqZDwCUyxc/edit","","","","","2020-05-26T02:42:50.057Z"
"https://topic-writer.appspot.com/","e4c02699-99b6-11ea-9961-491e6b885205","2020-05-26T02:42:53","cc_documentLoaded","","other","0.7","https://docs.google.com/spreadsheets/d/1f320gkWf7OSXjhqv5IPitXg-_EKCf0T8-gqZDwCUyxc/edit","","","","","2020-05-26T02:42:53.271Z"
"https://topic-writer.appspot.com/","e4c02699-99b6-11ea-9961-491e6b885205","2020-05-26T02:45:07","cc_cellText","td","cc_4_1","0.7","https://docs.google.com/spreadsheets/d/1f320gkWf7OSXjhqv5IPitXg-_EKCf0T8-gqZDwCUyxc/edit","cc_3","cc_5","cc_4","cc_4_0","2020-05-26T02:45:07.253Z"
"https://topic-writer.appspot.com/","e4c02699-99b6-11ea-9961-491e6b885205","2020-05-26T02:45:14","cc_documentBeforeSave","","other","0.7","https://docs.google.com/spreadsheets/d/1f320gkWf7OSXjhqv5IPitXg-_EKCf0T8-gqZDwCUyxc/edit","","","","","2020-05-26T02:45:14.444Z"
"https://topic-writer.appspot.com/","e4c02699-99b6-11ea-9961-491e6b885205","2020-05-26T02:45:52","cc_textOut","","other","0.7","https://docs.google.com/spreadsheets/d/1f320gkWf7OSXjhqv5IPitXg-_EKCf0T8-gqZDwCUyxc/edit","","","","","2020-05-26T02:45:52.342Z"
"https://topic-writer.appspot.com/","e4c02699-99b6-11ea-9961-491e6b885205","2020-05-26T02:46:16","cc_cellPhraseRemove","","other","0.7","https://docs.google.com/spreadsheets/d/1f320gkWf7OSXjhqv5IPitXg-_EKCf0T8-gqZDwCUyxc/edit","","","","","2020-05-26T02:46:16.478Z"
"https://topic-writer.appspot.com/","e4c02699-99b6-11ea-9961-491e6b885205","2020-05-26T02:46:16","cc_paragraphRemove","span","cc_29","0.7","https://docs.google.com/spreadsheets/d/1f320gkWf7OSXjhqv5IPitXg-_EKCf0T8-gqZDwCUyxc/edit","","","","","2020-05-26T02:46:16.482Z"
"https://topic-writer.appspot.com/","e4c02699-99b6-11ea-9961-491e6b885205","2020-05-26T02:46:23","cc_cellPhraseRemove","","other","0.7","https://docs.google.com/spreadsheets/d/1f320gkWf7OSXjhqv5IPitXg-_EKCf0T8-gqZDwCUyxc/edit","","","","","2020-05-26T02:46:23.263Z"
"https://topic-writer.appspot.com/","e4c02699-99b6-11ea-9961-491e6b885205","2020-05-26T02:46:23","cc_paragraphRemove","span","cc_38","0.7","https://docs.google.com/spreadsheets/d/1f320gkWf7OSXjhqv5IPitXg-_EKCf0T8-gqZDwCUyxc/edit","","","","","2020-05-26T02:46:23.268Z"
"https://topic-writer.appspot.com/","e4c02699-99b6-11ea-9961-491e6b885205","2020-05-26T02:46:28","cc_paragraphRemove","span","cc_41","0.7","https://docs.google.com/spreadsheets/d/1f320gkWf7OSXjhqv5IPitXg-_EKCf0T8-gqZDwCUyxc/edit","","","","","2020-05-26T02:46:28.631Z"
"https://topic-writer.appspot.com/","e4c02699-99b6-11ea-9961-491e6b885205","2020-05-26T02:46:28","cc_cellPhraseRemove","","other","0.7","https://docs.google.com/spreadsheets/d/1f320gkWf7OSXjhqv5IPitXg-_EKCf0T8-gqZDwCUyxc/edit","","","","","2020-05-26T02:46:28.624Z"
"https://topic-writer.appspot.com/","e4c02699-99b6-11ea-9961-491e6b885205","2020-05-26T02:46:29","cc_textOut","","other","0.7","https://docs.google.com/spreadsheets/d/1f320gkWf7OSXjhqv5IPitXg-_EKCf0T8-gqZDwCUyxc/edit","","","","","2020-05-26T02:46:29.225Z"
"https://topic-writer.appspot.com/","e4c02699-99b6-11ea-9961-491e6b885205","2020-05-26T02:47:22","cc_documentBeforeSave","","other","0.7","https://docs.google.com/spreadsheets/d/1f320gkWf7OSXjhqv5IPitXg-_EKCf0T8-gqZDwCUyxc/edit","","","","","2020-05-26T02:47:22.886Z"
"https://topic-writer.appspot.com/","e4c02699-99b6-11ea-9961-491e6b885205","2020-05-26T03:06:15","cc_cellText","td","cc_4_1","0.7","https://docs.google.com/spreadsheets/d/1f320gkWf7OSXjhqv5IPitXg-_EKCf0T8-gqZDwCUyxc/edit","cc_3","cc_5","cc_4","cc_4_0","2020-05-26T03:06:15.555Z"
"https://topic-writer.appspot.com/","e4c02699-99b6-11ea-9961-491e6b885205","2020-05-26T03:06:38","cc_textOut","","other","0.7","https://docs.google.com/spreadsheets/d/1f320gkWf7OSXjhqv5IPitXg-_EKCf0T8-gqZDwCUyxc/edit","","","","","2020-05-26T03:06:38.386Z"
"https://topic-writer.appspot.com/","ffdeef85-9ef7-11ea-933a-db5be373455d","2020-05-26T02:24:19","cc_documentLoaded","","other","0.7","https://docs.google.com/spreadsheets/d/1f320gkWf7OSXjhqv5IPitXg-_EKCf0T8-gqZDwCUyxc/edit","","","","","2020-05-26T02:24:19.324Z"
"https://topic-writer.appspot.com/","ffdeef85-9ef7-11ea-933a-db5be373455d","2020-05-26T02:24:19","cc_create","","other","0.7","https://docs.google.com/spreadsheets/d/1f320gkWf7OSXjhqv5IPitXg-_EKCf0T8-gqZDwCUyxc/edit","","","","","2020-05-26T02:24:19.319Z"
"https://topic-writer.appspot.com/","ffdeef85-9ef7-11ea-933a-db5be373455d","2020-05-26T02:24:45","cc_cellPhraseAppend","td","cc_4_1","0.7","https://docs.google.com/spreadsheets/d/1f320gkWf7OSXjhqv5IPitXg-_EKCf0T8-gqZDwCUyxc/edit","cc_3","cc_5","cc_4","cc_4_0","2020-05-26T02:24:45.644Z"
"https://topic-writer.appspot.com/","ffdeef85-9ef7-11ea-933a-db5be373455d","2020-05-26T02:24:48","cc_cellText","td","cc_4_1","0.7","https://docs.google.com/spreadsheets/d/1f320gkWf7OSXjhqv5IPitXg-_EKCf0T8-gqZDwCUyxc/edit","cc_3","cc_5","cc_4","cc_4_0","2020-05-26T02:24:48.893Z"
"https://topic-writer.appspot.com/","ffdeef85-9ef7-11ea-933a-db5be373455d","2020-05-26T02:24:53","cc_cellPhraseAppend","td","cc_0_1","0.7","https://docs.google.com/spreadsheets/d/1f320gkWf7OSXjhqv5IPitXg-_EKCf0T8-gqZDwCUyxc/edit","cc_3","cc_5","cc_4","cc_0_0","2020-05-26T02:24:53.372Z"
"https://topic-writer.appspot.com/","ffdeef85-9ef7-11ea-933a-db5be373455d","2020-05-26T02:25:07","cc_cellText","td","cc_0_1","0.7","https://docs.google.com/spreadsheets/d/1f320gkWf7OSXjhqv5IPitXg-_EKCf0T8-gqZDwCUyxc/edit","cc_3","cc_5","cc_4","cc_0_0","2020-05-26T02:25:07.480Z"
"https://topic-writer.appspot.com/","ffdeef85-9ef7-11ea-933a-db5be373455d","2020-05-26T02:25:16","cc_cellPhraseAppend","td","cc_1_1","0.7","https://docs.google.com/spreadsheets/d/1f320gkWf7OSXjhqv5IPitXg-_EKCf0T8-gqZDwCUyxc/edit","cc_3","cc_5","cc_4","cc_1_0","2020-05-26T02:25:16.951Z"
"https://topic-writer.appspot.com/","ffdeef85-9ef7-11ea-933a-db5be373455d","2020-05-26T02:25:40","cc_cellText","td","cc_1_1","0.7","https://docs.google.com/spreadsheets/d/1f320gkWf7OSXjhqv5IPitXg-_EKCf0T8-gqZDwCUyxc/edit","cc_3","cc_5","cc_4","cc_1_0","2020-05-26T02:25:40.885Z"
"https://topic-writer.appspot.com/","ffdeef85-9ef7-11ea-933a-db5be373455d","2020-05-26T02:25:51","cc_cellText","td","cc_0_1","0.7","https://docs.google.com/spreadsheets/d/1f320gkWf7OSXjhqv5IPitXg-_EKCf0T8-gqZDwCUyxc/edit","cc_3","cc_5","cc_4","cc_0_0","2020-05-26T02:25:51.483Z"
"https://topic-writer.appspot.com/","ffdeef85-9ef7-11ea-933a-db5be373455d","2020-05-26T02:26:38","cc_cellPhraseAppend","td","cc_2_1","0.7","https://docs.google.com/spreadsheets/d/1f320gkWf7OSXjhqv5IPitXg-_EKCf0T8-gqZDwCUyxc/edit","cc_3","cc_5","cc_4","cc_2_0","2020-05-26T02:26:38.879Z"
"https://topic-writer.appspot.com/","ffdeef85-9ef7-11ea-933a-db5be373455d","2020-05-26T02:30:31","cc_cellText","td","cc_2_1","0.7","https://docs.google.com/spreadsheets/d/1f320gkWf7OSXjhqv5IPitXg-_EKCf0T8-gqZDwCUyxc/edit","cc_3","cc_5","cc_4","cc_2_0","2020-05-26T02:30:31.695Z"
"https://topic-writer.appspot.com/","ffdeef85-9ef7-11ea-933a-db5be373455d","2020-05-26T02:30:40","cc_cellPhraseAppend","td","cc_1_1","0.7","https://docs.google.com/spreadsheets/d/1f320gkWf7OSXjhqv5IPitXg-_EKCf0T8-gqZDwCUyxc/edit","cc_3","cc_5","cc_4","cc_1_0","2020-05-26T02:30:40.003Z"
"https://topic-writer.appspot.com/","ffdeef85-9ef7-11ea-933a-db5be373455d","2020-05-26T02:31:35","cc_cellText","td","cc_1_1","0.7","https://docs.google.com/spreadsheets/d/1f320gkWf7OSXjhqv5IPitXg-_EKCf0T8-gqZDwCUyxc/edit","cc_3","cc_5","cc_4","cc_1_0","2020-05-26T02:31:35.739Z"
"https://topic-writer.appspot.com/","ffdeef85-9ef7-11ea-933a-db5be373455d","2020-05-26T02:32:40","cc_cellText","td","cc_1_1","0.7","https://docs.google.com/spreadsheets/d/1f320gkWf7OSXjhqv5IPitXg-_EKCf0T8-gqZDwCUyxc/edit","cc_3","cc_5","cc_4","cc_1_0","2020-05-26T02:32:40.124Z"
"https://topic-writer.appspot.com/","ffdeef85-9ef7-11ea-933a-db5be373455d","2020-05-26T02:34:08","cc_cellPhraseAppend","td","cc_3_1","0.7","https://docs.google.com/spreadsheets/d/1f320gkWf7OSXjhqv5IPitXg-_EKCf0T8-gqZDwCUyxc/edit","cc_3","cc_5","cc_4","cc_3_0","2020-05-26T02:34:08.536Z"
"https://topic-writer.appspot.com/","ffdeef85-9ef7-11ea-933a-db5be373455d","2020-05-26T02:38:29","cc_cellText","td","cc_3_1","0.7","https://docs.google.com/spreadsheets/d/1f320gkWf7OSXjhqv5IPitXg-_EKCf0T8-gqZDwCUyxc/edit","cc_3","cc_5","cc_4","cc_3_0","2020-05-26T02:38:29.818Z"
"https://topic-writer.appspot.com/","ffdeef85-9ef7-11ea-933a-db5be373455d","2020-05-26T02:39:05","cc_cellText","td","cc_2_1","0.7","https://docs.google.com/spreadsheets/d/1f320gkWf7OSXjhqv5IPitXg-_EKCf0T8-gqZDwCUyxc/edit","cc_3","cc_5","cc_4","cc_2_0","2020-05-26T02:39:05.762Z"
"https://topic-writer.appspot.com/","ffdeef85-9ef7-11ea-933a-db5be373455d","2020-05-26T02:41:46","cc_cellText","td","cc_4_1","0.7","https://docs.google.com/spreadsheets/d/1f320gkWf7OSXjhqv5IPitXg-_EKCf0T8-gqZDwCUyxc/edit","cc_3","cc_5","cc_4","cc_4_0","2020-05-26T02:41:46.778Z"
"https://topic-writer.appspot.com/","ffdeef85-9ef7-11ea-933a-db5be373455d","2020-05-26T02:44:21","cc_cellText","td","cc_4_1","0.7","https://docs.google.com/spreadsheets/d/1f320gkWf7OSXjhqv5IPitXg-_EKCf0T8-gqZDwCUyxc/edit","cc_3","cc_5","cc_4","cc_4_0","2020-05-26T02:44:21.616Z"
"https://topic-writer.appspot.com/","ffdeef85-9ef7-11ea-933a-db5be373455d","2020-05-26T02:44:28","cc_documentBeforeSave","","other","0.7","https://docs.google.com/spreadsheets/d/1f320gkWf7OSXjhqv5IPitXg-_EKCf0T8-gqZDwCUyxc/edit","","","","","2020-05-26T02:44:28.003Z"
"https://topic-writer.appspot.com/","ffdeef85-9ef7-11ea-933a-db5be373455d","2020-05-26T02:44:30","cc_documentLoaded","","other","0.7","https://docs.google.com/spreadsheets/d/1f320gkWf7OSXjhqv5IPitXg-_EKCf0T8-gqZDwCUyxc/edit","","","","","2020-05-26T02:44:30.970Z"
"https://topic-writer.appspot.com/","ffdeef85-9ef7-11ea-933a-db5be373455d","2020-05-26T02:44:47","cc_documentBeforeSave","","other","0.7","https://docs.google.com/spreadsheets/d/1f320gkWf7OSXjhqv5IPitXg-_EKCf0T8-gqZDwCUyxc/edit","","","","","2020-05-26T02:44:47.296Z"
"https://topic-writer.appspot.com/","ffdeef85-9ef7-11ea-933a-db5be373455d","2020-05-26T02:44:49","cc_documentLoaded","","other","0.7","https://docs.google.com/spreadsheets/d/1f320gkWf7OSXjhqv5IPitXg-_EKCf0T8-gqZDwCUyxc/edit","","","","","2020-05-26T02:44:49.869Z"
"https://topic-writer.appspot.com/","ffdeef85-9ef7-11ea-933a-db5be373455d","2020-05-26T02:45:53","cc_textOut","","other","0.7","https://docs.google.com/spreadsheets/d/1f320gkWf7OSXjhqv5IPitXg-_EKCf0T8-gqZDwCUyxc/edit","","","","","2020-05-26T02:45:53.656Z"
"https://topic-writer.appspot.com/","571f3314-9ef8-11ea-815e-db5be373455d","2020-05-26T02:26:46","cc_create","","other","0.7","https://docs.google.com/spreadsheets/d/1f320gkWf7OSXjhqv5IPitXg-_EKCf0T8-gqZDwCUyxc/edit","","","","","2020-05-26T02:26:46.027Z"
"https://topic-writer.appspot.com/","571f3314-9ef8-11ea-815e-db5be373455d","2020-05-26T02:26:46","cc_documentLoaded","","other","0.7","https://docs.google.com/spreadsheets/d/1f320gkWf7OSXjhqv5IPitXg-_EKCf0T8-gqZDwCUyxc/edit","","","","","2020-05-26T02:26:46.029Z"
"https://topic-writer.appspot.com/","571f3314-9ef8-11ea-815e-db5be373455d","2020-05-26T02:26:50","cc_cellPhraseAppend","td","cc_4_1","0.7","https://docs.google.com/spreadsheets/d/1f320gkWf7OSXjhqv5IPitXg-_EKCf0T8-gqZDwCUyxc/edit","cc_3","cc_5","cc_4","cc_4_0","2020-05-26T02:26:50.751Z"
"https://topic-writer.appspot.com/","571f3314-9ef8-11ea-815e-db5be373455d","2020-05-26T02:26:56","cc_cellText","td","cc_4_1","0.7","https://docs.google.com/spreadsheets/d/1f320gkWf7OSXjhqv5IPitXg-_EKCf0T8-gqZDwCUyxc/edit","cc_3","cc_5","cc_4","cc_4_0","2020-05-26T02:26:56.180Z"
"https://topic-writer.appspot.com/","571f3314-9ef8-11ea-815e-db5be373455d","2020-05-26T02:26:59","cc_cellPhraseAppend","td","cc_0_1","0.7","https://docs.google.com/spreadsheets/d/1f320gkWf7OSXjhqv5IPitXg-_EKCf0T8-gqZDwCUyxc/edit","cc_3","cc_5","cc_4","cc_0_0","2020-05-26T02:26:59.326Z"
"https://topic-writer.appspot.com/","571f3314-9ef8-11ea-815e-db5be373455d","2020-05-26T02:27:10","cc_cellText","td","cc_0_1","0.7","https://docs.google.com/spreadsheets/d/1f320gkWf7OSXjhqv5IPitXg-_EKCf0T8-gqZDwCUyxc/edit","cc_3","cc_5","cc_4","cc_0_0","2020-05-26T02:27:10.376Z"
"https://topic-writer.appspot.com/","571f3314-9ef8-11ea-815e-db5be373455d","2020-05-26T02:27:20","cc_cellPhraseAppend","td","cc_1_1","0.7","https://docs.google.com/spreadsheets/d/1f320gkWf7OSXjhqv5IPitXg-_EKCf0T8-gqZDwCUyxc/edit","cc_3","cc_5","cc_4","cc_1_0","2020-05-26T02:27:20.583Z"
"https://topic-writer.appspot.com/","571f3314-9ef8-11ea-815e-db5be373455d","2020-05-26T02:30:04","cc_cellText","td","cc_1_1","0.7","https://docs.google.com/spreadsheets/d/1f320gkWf7OSXjhqv5IPitXg-_EKCf0T8-gqZDwCUyxc/edit","cc_3","cc_5","cc_4","cc_1_0","2020-05-26T02:30:04.075Z"
"https://topic-writer.appspot.com/","571f3314-9ef8-11ea-815e-db5be373455d","2020-05-26T02:30:15","cc_cellPhraseAppend","td","cc_2_1","0.7","https://docs.google.com/spreadsheets/d/1f320gkWf7OSXjhqv5IPitXg-_EKCf0T8-gqZDwCUyxc/edit","cc_3","cc_5","cc_4","cc_2_0","2020-05-26T02:30:15.391Z"
"https://topic-writer.appspot.com/","571f3314-9ef8-11ea-815e-db5be373455d","2020-05-26T02:38:49","cc_cellText","td","cc_2_1","0.7","https://docs.google.com/spreadsheets/d/1f320gkWf7OSXjhqv5IPitXg-_EKCf0T8-gqZDwCUyxc/edit","cc_3","cc_5","cc_4","cc_2_0","2020-05-26T02:38:49.315Z"
"https://topic-writer.appspot.com/","571f3314-9ef8-11ea-815e-db5be373455d","2020-05-26T02:38:52","cc_cellPhraseAppend","td","cc_3_1","0.7","https://docs.google.com/spreadsheets/d/1f320gkWf7OSXjhqv5IPitXg-_EKCf0T8-gqZDwCUyxc/edit","cc_3","cc_5","cc_4","cc_3_0","2020-05-26T02:38:52.501Z"
"https://topic-writer.appspot.com/","571f3314-9ef8-11ea-815e-db5be373455d","2020-05-26T02:39:15","cc_cellText","td","cc_3_1","0.7","https://docs.google.com/spreadsheets/d/1f320gkWf7OSXjhqv5IPitXg-_EKCf0T8-gqZDwCUyxc/edit","cc_3","cc_5","cc_4","cc_3_0","2020-05-26T02:39:15.422Z"
"https://topic-writer.appspot.com/","571f3314-9ef8-11ea-815e-db5be373455d","2020-05-26T02:41:04","cc_cellPhraseAppend","td","cc_2_1","0.7","https://docs.google.com/spreadsheets/d/1f320gkWf7OSXjhqv5IPitXg-_EKCf0T8-gqZDwCUyxc/edit","cc_3","cc_5","cc_4","cc_2_0","2020-05-26T02:41:04.653Z"
"https://topic-writer.appspot.com/","571f3314-9ef8-11ea-815e-db5be373455d","2020-05-26T02:41:15","cc_paragraphRemove","span","cc_32","0.7","https://docs.google.com/spreadsheets/d/1f320gkWf7OSXjhqv5IPitXg-_EKCf0T8-gqZDwCUyxc/edit","","","","","2020-05-26T02:41:15.019Z"
"https://topic-writer.appspot.com/","571f3314-9ef8-11ea-815e-db5be373455d","2020-05-26T02:41:15","cc_cellPhraseRemove","","other","0.7","https://docs.google.com/spreadsheets/d/1f320gkWf7OSXjhqv5IPitXg-_EKCf0T8-gqZDwCUyxc/edit","","","","","2020-05-26T02:41:15.017Z"
"https://topic-writer.appspot.com/","571f3314-9ef8-11ea-815e-db5be373455d","2020-05-26T02:42:22","cc_cellText","td","cc_2_1","0.7","https://docs.google.com/spreadsheets/d/1f320gkWf7OSXjhqv5IPitXg-_EKCf0T8-gqZDwCUyxc/edit","cc_3","cc_5","cc_4","cc_2_0","2020-05-26T02:42:22.289Z"
"https://topic-writer.appspot.com/","571f3314-9ef8-11ea-815e-db5be373455d","2020-05-26T02:43:51","cc_cellText","td","cc_4_1","0.7","https://docs.google.com/spreadsheets/d/1f320gkWf7OSXjhqv5IPitXg-_EKCf0T8-gqZDwCUyxc/edit","cc_3","cc_5","cc_4","cc_4_0","2020-05-26T02:43:51.249Z"
"https://topic-writer.appspot.com/","571f3314-9ef8-11ea-815e-db5be373455d","2020-05-26T02:46:06","cc_cellText","td","cc_3_1","0.7","https://docs.google.com/spreadsheets/d/1f320gkWf7OSXjhqv5IPitXg-_EKCf0T8-gqZDwCUyxc/edit","cc_3","cc_5","cc_4","cc_3_0","2020-05-26T02:46:06.458Z"
"https://topic-writer.appspot.com/","571f3314-9ef8-11ea-815e-db5be373455d","2020-05-26T02:46:17","cc_cellText","td","cc_2_1","0.7","https://docs.google.com/spreadsheets/d/1f320gkWf7OSXjhqv5IPitXg-_EKCf0T8-gqZDwCUyxc/edit","cc_3","cc_5","cc_4","cc_2_0","2020-05-26T02:46:17.899Z"
"https://topic-writer.appspot.com/","571f3314-9ef8-11ea-815e-db5be373455d","2020-05-26T02:47:38","cc_cellText","td","cc_4_1","0.7","https://docs.google.com/spreadsheets/d/1f320gkWf7OSXjhqv5IPitXg-_EKCf0T8-gqZDwCUyxc/edit","cc_3","cc_5","cc_4","cc_4_0","2020-05-26T02:47:38.606Z"
"https://topic-writer.appspot.com/","571f3314-9ef8-11ea-815e-db5be373455d","2020-05-26T02:48:06","cc_documentBeforeSave","","other","0.7","https://docs.google.com/spreadsheets/d/1f320gkWf7OSXjhqv5IPitXg-_EKCf0T8-gqZDwCUyxc/edit","","","","","2020-05-26T02:48:06.062Z"
"https://topic-writer.appspot.com/","571f3314-9ef8-11ea-815e-db5be373455d","2020-05-26T02:48:07","cc_textOut","","other","0.7","https://docs.google.com/spreadsheets/d/1f320gkWf7OSXjhqv5IPitXg-_EKCf0T8-gqZDwCUyxc/edit","","","","","2020-05-26T02:48:07.334Z"
"https://topic-writer.appspot.com/","571f3314-9ef8-11ea-815e-db5be373455d","2020-05-26T02:48:09","cc_documentLoaded","","other","0.7","https://docs.google.com/spreadsheets/d/1f320gkWf7OSXjhqv5IPitXg-_EKCf0T8-gqZDwCUyxc/edit","","","","","2020-05-26T02:48:09.050Z"
"https://topic-writer.appspot.com/","571f3314-9ef8-11ea-815e-db5be373455d","2020-05-26T02:48:10","cc_textOut","","other","0.7","https://docs.google.com/spreadsheets/d/1f320gkWf7OSXjhqv5IPitXg-_EKCf0T8-gqZDwCUyxc/edit","","","","","2020-05-26T02:48:10.940Z"



